City_ID,City,Lat,Lng,Max Temp,Humidity,Cloudiness,Wind Speed,Country,Date
0,comodoro rivadavia,-45.8667,-67.5,75.06,20,0,32.21,AR,2023-04-01 18:32:59
1,ambilobe,-13.2,49.05,74.23,95,95,3.4,MG,2023-04-01 18:37:03
2,cap-aux-meules,47.3821,-61.8597,33.85,86,100,12.66,CA,2023-04-01 18:37:03
3,manggar,-2.8833,108.2667,78.13,82,61,1.95,ID,2023-04-01 18:37:03
4,cape town,-33.9258,18.4232,67.12,80,0,14.97,ZA,2023-04-01 18:35:42
5,sinnamary,5.3833,-52.95,80.87,70,95,11.48,GF,2023-04-01 18:37:04
6,cidreira,-30.1811,-50.2056,71.35,60,86,15.32,BR,2023-04-01 18:37:04
7,vaini,-21.2,-175.2,77.16,88,20,5.75,TO,2023-04-01 18:37:04
8,upernavik,72.7868,-56.1549,-15.65,95,34,11.97,GL,2023-04-01 18:37:04
9,albany,42.6001,-73.9662,70.41,58,0,5.01,US,2023-04-01 18:33:58
10,bluff,-46.6,168.3333,55.8,85,100,18.07,NZ,2023-04-01 18:37:05
11,hilo,19.7297,-155.09,76.24,83,100,4.61,US,2023-04-01 18:35:33
12,jamestown,42.097,-79.2353,46.53,90,100,27.63,US,2023-04-01 18:37:05
13,ushuaia,-54.8,-68.3,47.86,66,0,12.66,AR,2023-04-01 18:37:05
14,san jose,37.3394,-121.895,62.91,50,20,4.0,US,2023-04-01 18:36:59
15,buribay,51.9617,58.1592,33.39,78,82,6.49,RU,2023-04-01 18:37:05
16,tasiilaq,65.6145,-37.6368,32.16,85,100,5.59,GL,2023-04-01 18:37:05
17,seminole,28.7086,-81.2081,91.24,50,75,10.36,US,2023-04-01 18:37:05
18,souillac,-20.5167,57.5167,79.18,83,20,6.91,MU,2023-04-01 18:37:05
19,rikitea,-23.1203,-134.9692,80.22,80,43,14.72,PF,2023-04-01 18:37:06
20,orel-izumrud,43.4583,39.9244,41.02,75,0,4.47,RU,2023-04-01 18:37:06
21,busselton,-33.65,115.3333,58.37,89,1,8.12,AU,2023-04-01 18:37:06
22,zykovo,55.9519,93.1461,2.14,94,12,3.06,RU,2023-04-01 18:37:06
23,santa rosa,14.3122,121.1114,82.11,83,97,1.81,PH,2023-04-01 18:37:06
24,sur,22.5667,59.5289,80.58,60,6,9.51,OM,2023-04-01 18:37:06
25,arraial do cabo,-22.9661,-42.0278,84.16,74,20,13.8,BR,2023-04-01 18:37:06
26,hue,16.4667,107.6,77.11,94,40,2.3,VN,2023-04-01 18:35:56
27,khilok,51.3674,110.4676,15.3,64,100,7.29,RU,2023-04-01 18:37:07
28,conneaut,41.9476,-80.5542,51.13,89,100,34.29,US,2023-04-01 18:37:07
29,buala,-8.145,159.5921,78.87,79,100,2.44,SB,2023-04-01 18:37:07
30,kapaa,22.0752,-159.319,71.92,94,100,6.91,US,2023-04-01 18:33:57
31,avarua,-21.2078,-159.775,78.85,89,40,3.44,CK,2023-04-01 18:37:07
32,limbang,4.75,115.0,77.11,97,100,1.45,MY,2023-04-01 18:37:07
33,nemuro,43.3236,145.575,32.99,86,19,18.32,JP,2023-04-01 18:37:08
34,torbay,47.6666,-52.7314,42.89,48,75,17.27,CA,2023-04-01 18:35:50
35,hobart,-42.8794,147.3294,54.27,79,100,11.5,AU,2023-04-01 18:37:08
36,yellowknife,62.456,-114.3525,9.12,66,100,23.02,CA,2023-04-01 18:37:08
37,srednekolymsk,67.45,153.6833,-16.26,100,100,6.6,RU,2023-04-01 18:37:08
38,cancun,21.1743,-86.8466,86.05,58,75,13.8,MX,2023-04-01 18:35:57
39,punta arenas,-53.15,-70.9167,51.91,58,40,28.77,CL,2023-04-01 18:32:23
40,dikson,73.5069,80.5464,13.35,95,100,10.29,RU,2023-04-01 18:33:09
41,chuy,-33.6971,-53.4616,69.57,51,23,12.37,UY,2023-04-01 18:37:08
42,carnarvon,-24.8667,113.6333,75.56,76,53,11.77,AU,2023-04-01 18:37:08
43,nikolskoye,59.7035,30.7861,33.69,96,100,5.77,RU,2023-04-01 18:37:09
44,port hardy,50.6996,-127.4199,44.6,87,75,6.91,CA,2023-04-01 18:37:09
45,narsaq,60.9167,-46.05,34.02,72,86,2.77,GL,2023-04-01 18:37:09
46,laguna,38.421,-121.4238,61.05,59,44,4.0,US,2023-04-01 18:37:09
47,sand,50.0,10.6,49.75,95,100,11.7,DE,2023-04-01 18:37:09
48,appingedam,53.3217,6.8583,44.98,86,100,11.01,NL,2023-04-01 18:37:10
49,qaanaaq,77.484,-69.3632,-8.81,74,7,3.13,GL,2023-04-01 18:37:10
50,shenzhen,22.5455,114.0683,72.84,93,100,5.08,CN,2023-04-01 18:37:10
51,surt,31.2089,16.5887,71.83,36,0,11.25,LY,2023-04-01 18:37:10
52,andover,51.2083,-1.4825,51.69,77,100,14.97,GB,2023-04-01 18:32:59
53,provideniya,64.3833,-173.3,19.92,96,94,9.31,RU,2023-04-01 18:37:11
54,gat,31.61,34.7642,59.68,100,0,4.09,IL,2023-04-01 18:33:40
55,piacabucu,-10.4056,-36.4344,82.4,66,100,8.39,BR,2023-04-01 18:37:11
56,airai,-8.9266,125.4092,59.92,95,100,1.25,TL,2023-04-01 18:37:11
57,cabedelo,-6.9811,-34.8339,86.67,69,100,10.71,BR,2023-04-01 18:35:23
58,jinchang,38.4953,102.1739,38.01,64,100,11.36,CN,2023-04-01 18:37:11
59,bassum,52.85,8.7333,43.68,92,100,18.23,DE,2023-04-01 18:37:11
60,palmer,42.1584,-72.3287,61.32,83,100,7.0,US,2023-04-01 18:37:11
61,komsomolskiy,40.4272,71.7189,59.72,55,100,4.61,UZ,2023-04-01 18:37:11
62,port lincoln,-34.7333,135.8667,57.34,66,29,10.74,AU,2023-04-01 18:37:11
63,ilulissat,69.2167,-51.1,12.22,67,0,4.61,GL,2023-04-01 18:32:28
64,pevek,69.7008,170.3133,-10.12,97,100,12.91,RU,2023-04-01 18:37:12
65,port alfred,-33.5906,26.891,71.19,86,12,1.99,ZA,2023-04-01 18:33:29
66,beeville,28.4008,-97.7483,87.3,51,75,6.91,US,2023-04-01 18:33:46
67,kavaratti,10.5669,72.642,81.59,68,5,8.14,IN,2023-04-01 18:37:12
68,mataura,-46.1927,168.8643,55.47,96,100,5.03,NZ,2023-04-01 18:37:12
69,port elizabeth,-33.918,25.5701,68.31,84,0,8.05,ZA,2023-04-01 18:37:12
70,shubarkuduk,49.1447,56.4872,50.18,29,3,16.51,KZ,2023-04-01 18:37:12
71,east london,-33.0153,27.9116,70.74,83,40,6.91,ZA,2023-04-01 18:37:12
72,hasaki,35.7333,140.8333,56.21,55,77,11.65,JP,2023-04-01 18:37:12
73,san luis,-33.295,-66.3356,76.17,41,100,11.48,AR,2023-04-01 18:34:36
74,tiarei,-17.5333,-149.3333,86.02,77,6,10.11,PF,2023-04-01 18:37:13
75,rio grande,-32.035,-52.0986,75.31,51,2,18.32,BR,2023-04-01 18:35:09
76,constitucion,-35.3333,-72.4167,71.65,52,16,17.29,CL,2023-04-01 18:37:13
77,havre-saint-pierre,50.2334,-63.5986,35.96,69,75,14.97,CA,2023-04-01 18:37:13
78,bengkulu,-3.8004,102.2655,74.16,90,100,4.21,ID,2023-04-01 18:37:13
79,gweta,-20.1833,25.2333,80.89,38,5,6.71,BW,2023-04-01 18:37:13
80,ganzhou,28.8184,115.4327,61.18,80,0,0.47,CN,2023-04-01 18:37:13
81,bredasdorp,-34.5322,20.0403,62.49,94,0,5.41,ZA,2023-04-01 18:37:13
82,thompson,55.7435,-97.8558,15.96,45,20,4.61,CA,2023-04-01 18:37:14
83,geraldton,-28.7667,114.6,66.61,88,40,3.44,AU,2023-04-01 18:37:14
84,fortuna,40.5982,-124.1573,52.93,91,100,1.01,US,2023-04-01 18:37:14
85,hermanus,-34.4187,19.2345,63.81,79,0,9.6,ZA,2023-04-01 18:37:14
86,bambous virieux,-20.3428,57.7575,79.21,83,20,6.91,MU,2023-04-01 18:37:14
87,velizh,55.6056,31.1967,39.97,99,100,5.53,RU,2023-04-01 18:37:14
88,puerto ayora,-0.7393,-90.3518,87.76,87,75,8.01,EC,2023-04-01 18:37:15
89,vega de alatorre,20.0333,-96.6333,81.81,76,46,6.42,MX,2023-04-01 18:37:15
90,puerto del rosario,28.5004,-13.8627,69.55,73,20,20.71,ES,2023-04-01 18:37:15
91,heihe,50.2441,127.4902,43.38,62,100,5.75,CN,2023-04-01 18:37:15
92,raudeberg,61.9875,5.1352,39.87,77,37,3.8,NO,2023-04-01 18:37:15
93,maningrida,-12.0667,134.2667,76.15,86,100,5.35,AU,2023-04-01 18:37:15
94,torrijos,39.9819,-4.2835,56.52,70,22,17.25,ES,2023-04-01 18:37:16
95,mangan,27.5167,88.5333,58.19,94,100,0.58,IN,2023-04-01 18:37:16
96,fenoarivo,-18.933,47.4354,66.27,94,40,4.61,MG,2023-04-01 18:37:16
97,victoria,22.2855,114.1577,71.65,91,100,11.01,HK,2023-04-01 18:37:16
98,saldanha,-33.0117,17.9442,66.25,85,0,13.87,ZA,2023-04-01 18:37:16
99,sitka,57.0531,-135.33,39.09,81,75,0.0,US,2023-04-01 18:37:16
100,gloucester,51.8657,-2.2431,51.69,72,75,8.05,GB,2023-04-01 18:37:17
101,the valley,18.217,-63.0578,84.06,69,40,18.41,AI,2023-04-01 18:37:08
102,avera,33.194,-82.5271,70.56,63,100,18.5,US,2023-04-01 18:37:17
103,salalah,17.0151,54.0924,82.49,78,75,9.22,OM,2023-04-01 18:37:17
104,chokurdakh,70.6333,147.9167,-29.52,100,97,6.85,RU,2023-04-01 18:37:17
105,chaupimarca,-10.4333,-76.5333,36.1,96,100,2.98,PE,2023-04-01 18:37:17
106,kahului,20.8947,-156.47,76.84,75,20,3.44,US,2023-04-01 18:37:17
107,zatoka,46.0725,30.4654,46.96,90,100,21.47,UA,2023-04-01 18:37:17
108,batemans bay,-35.7167,150.1833,57.09,84,100,7.05,AU,2023-04-01 18:37:17
109,ambulu,-8.345,113.6058,75.61,89,100,2.01,ID,2023-04-01 18:37:18
110,leh,34.1667,77.5833,24.66,90,98,3.89,IN,2023-04-01 18:37:18
111,ancud,-41.8697,-73.8203,56.91,80,47,8.1,CL,2023-04-01 18:37:18
112,longyearbyen,78.2186,15.6401,10.24,67,75,11.5,SJ,2023-04-01 18:34:23
113,zholymbet,51.7433,71.7122,28.72,55,0,9.57,KZ,2023-04-01 18:37:18
114,bilibino,68.0546,166.4372,-19.14,100,99,2.01,RU,2023-04-01 18:37:18
115,sal rei,16.1833,-22.9167,86.2,45,0,13.8,CV,2023-04-01 18:37:18
116,naze,28.3667,129.4833,63.52,88,25,8.93,JP,2023-04-01 18:37:18
117,alta floresta,-9.8756,-56.0861,85.82,70,40,5.75,BR,2023-04-01 18:37:18
118,tuktoyaktuk,69.4541,-133.0374,-11.2,70,20,12.66,CA,2023-04-01 18:37:18
119,barao de melgaco,-16.1944,-55.9675,91.63,46,91,2.57,BR,2023-04-01 18:37:18
120,kangaatsiaq,68.3065,-53.4641,1.0,91,91,7.11,GL,2023-04-01 18:37:19
121,nizwa,22.9333,57.5333,81.66,26,18,3.42,OM,2023-04-01 18:37:19
122,ribeira grande,38.5167,-28.7,66.6,82,20,13.0,PT,2023-04-01 18:37:19
123,belomorsk,64.5232,34.7668,14.52,95,30,4.92,RU,2023-04-01 18:37:19
124,tabou,4.423,-7.3528,80.17,83,43,6.49,CI,2023-04-01 18:37:19
125,hambantota,6.1241,81.1185,75.54,100,20,2.3,LK,2023-04-01 18:37:19
126,les cayes,18.2,-73.75,84.92,55,6,10.42,HT,2023-04-01 18:37:19
127,mersing,2.4312,103.8405,76.91,94,20,3.44,MY,2023-04-01 18:37:20
128,pisco,-13.7,-76.2167,77.05,78,0,11.5,PE,2023-04-01 18:37:20
129,vostok,46.4856,135.8833,26.8,81,1,4.45,RU,2023-04-01 18:37:20
130,coahuayana,18.7333,-103.6833,91.15,32,95,8.12,MX,2023-04-01 18:37:20
131,atambua,-9.1061,124.8925,72.48,89,100,2.73,ID,2023-04-01 18:37:20
132,bull savanna,17.8868,-77.5902,79.84,65,57,16.44,JM,2023-04-01 18:37:21
133,nanortalik,60.1432,-45.2371,29.39,72,12,6.31,GL,2023-04-01 18:37:21
134,aswan,24.0934,32.907,74.5,17,0,2.3,EG,2023-04-01 18:37:21
135,olafsvik,64.8945,-23.7142,39.18,84,96,23.76,IS,2023-04-01 18:37:21
136,cabo san lucas,22.8909,-109.9124,89.62,60,20,8.05,MX,2023-04-01 18:35:00
137,atuona,-9.8,-139.0333,80.31,78,23,16.28,PF,2023-04-01 18:37:21
138,norman wells,65.282,-126.8329,10.44,72,100,2.3,CA,2023-04-01 18:37:21
139,faanui,-16.4833,-151.75,82.15,72,0,6.17,PF,2023-04-01 18:37:22
140,garden city,42.3256,-83.331,42.82,76,100,25.32,US,2023-04-01 18:37:14
141,butaritari,3.0707,172.7902,81.45,75,100,12.88,KI,2023-04-01 18:37:22
142,kroya,-7.6331,109.2461,77.49,87,100,3.51,ID,2023-04-01 18:37:22
143,rapid valley,44.0625,-103.1463,50.76,56,0,8.01,US,2023-04-01 18:37:22
144,hithadhoo,-0.6,73.0833,82.4,71,100,4.9,MV,2023-04-01 18:37:22
145,fort nelson,58.8053,-122.7002,24.94,69,100,4.61,CA,2023-04-01 18:37:23
146,caravelas,-17.7125,-39.2481,84.36,63,0,9.95,BR,2023-04-01 18:34:54
147,ponta do sol,32.6667,-17.1,73.71,74,2,9.71,PT,2023-04-01 18:37:23
148,atchison,39.563,-95.1216,52.95,35,0,13.09,US,2023-04-01 18:37:23
149,barrow,71.2906,-156.7887,3.22,92,100,3.44,US,2023-04-01 18:37:23
150,mahebourg,-20.4081,57.7,79.25,83,20,6.91,MU,2023-04-01 18:37:23
151,konevo,62.1215,39.3192,25.88,98,100,1.5,RU,2023-04-01 18:37:23
152,berbera,10.4396,45.0143,83.34,78,100,1.92,SO,2023-04-01 18:37:23
153,saskylakh,71.9167,114.0833,13.44,93,100,16.35,RU,2023-04-01 18:37:23
154,petropavlovsk-kamchatskiy,53.0452,158.6483,23.59,74,0,4.47,RU,2023-04-01 18:37:23
155,siocon,7.7061,122.1353,77.22,88,100,0.6,PH,2023-04-01 18:37:24
156,castro,-24.7911,-50.0119,75.67,67,76,2.17,BR,2023-04-01 18:37:24
157,pacifica,37.6138,-122.4869,61.72,65,20,8.05,US,2023-04-01 18:34:40
158,meulaboh,4.1363,96.1285,76.6,88,100,3.65,ID,2023-04-01 18:37:24
159,ronne,55.1009,14.7066,37.31,70,6,17.27,DK,2023-04-01 18:37:24
160,havre,49.5833,0.3333,50.2,100,100,12.66,FR,2023-04-01 18:37:24
161,mecca,21.4267,39.8261,74.35,47,3,7.63,SA,2023-04-01 18:37:24
162,dingle,10.9995,122.6711,75.81,85,100,4.65,PH,2023-04-01 18:37:24
163,xinyu,27.8043,114.9334,61.68,85,3,2.44,CN,2023-04-01 18:37:24
164,show low,34.2542,-110.0298,60.08,13,0,19.57,US,2023-04-01 18:37:25
165,lorengau,-2.0226,147.2712,79.95,79,100,4.45,PG,2023-04-01 18:37:25
166,ko samui,9.5357,99.9357,82.74,73,16,11.79,TH,2023-04-01 18:37:25
167,new norfolk,-42.7826,147.0587,53.92,85,100,2.66,AU,2023-04-01 18:37:25
168,uruzgan,32.8333,66.0,56.07,48,7,4.14,AF,2023-04-01 18:37:25
169,kruisfontein,-34.0033,24.7314,60.64,64,2,6.67,ZA,2023-04-01 18:37:25
170,humaita,-7.5061,-63.0208,85.08,69,87,2.95,BR,2023-04-01 18:33:21
171,lichinga,-13.3128,35.2406,62.69,100,75,3.44,MZ,2023-04-01 18:37:25
172,kadirli,37.3739,36.0961,52.43,75,100,2.84,TR,2023-04-01 18:37:25
173,ouegoa,-20.35,164.4333,75.79,85,1,1.61,NC,2023-04-01 18:37:25
174,calabozo,8.9242,-67.4293,91.71,38,99,10.71,VE,2023-04-01 18:37:26
175,walvis bay,-22.9575,14.5053,61.75,77,3,5.75,NA,2023-04-01 18:37:26
176,labuhan,-6.8844,112.2051,76.44,83,100,4.88,ID,2023-04-01 18:37:26
177,santa cruz cabralia,-16.2781,-39.0247,84.43,70,20,16.11,BR,2023-04-01 18:37:26
178,asosa,10.0667,34.5333,71.35,26,85,0.45,ET,2023-04-01 18:37:26
179,husavik,66.0449,-17.3389,35.91,85,4,11.3,IS,2023-04-01 18:37:26
180,alofi,-19.0595,-169.9187,78.69,89,69,10.36,NU,2023-04-01 18:37:26
181,komsomolskoye,55.2567,47.5461,39.49,82,100,6.46,RU,2023-04-01 18:37:27
182,sembakung,3.8167,117.25,73.36,99,100,1.72,ID,2023-04-01 18:37:27
183,severo-kurilsk,50.6789,156.125,31.68,91,12,15.01,RU,2023-04-01 18:37:27
184,vardo,70.3705,31.1107,28.38,86,100,28.77,NO,2023-04-01 18:37:27
185,lebu,-37.6167,-73.65,63.19,74,97,10.49,CL,2023-04-01 18:37:27
186,carutapera,-1.195,-46.02,76.21,93,100,1.05,BR,2023-04-01 18:37:27
187,xai-xai,-25.0519,33.6442,72.36,88,0,6.02,MZ,2023-04-01 18:37:27
188,kokopo,-4.352,152.2633,75.9,83,99,3.47,PG,2023-04-01 18:37:27
189,vila velha,-20.3297,-40.2925,80.55,89,40,4.61,BR,2023-04-01 18:35:09
190,hualmay,-11.0964,-77.6139,79.57,73,100,9.04,PE,2023-04-01 18:37:27
191,kjollefjord,70.9457,27.3465,28.45,74,100,25.32,NO,2023-04-01 18:37:27
192,katsuura,35.1333,140.3,58.66,77,100,11.48,JP,2023-04-01 18:37:28
193,abu kamal,34.4506,40.9171,59.36,36,5,5.08,SY,2023-04-01 18:37:28
194,san cristobal,7.7669,-72.225,66.38,75,100,5.53,VE,2023-04-01 18:37:28
195,nome,64.5011,-165.4064,28.47,93,100,14.97,US,2023-04-01 18:37:28
196,yanam,16.7333,82.2167,78.21,86,8,4.54,IN,2023-04-01 18:37:28
197,launceston,-41.45,147.1667,44.24,87,51,2.3,AU,2023-04-01 18:37:28
198,peterhead,57.5058,-1.7981,43.2,71,100,9.66,GB,2023-04-01 18:37:28
199,wewak,-3.5534,143.6268,77.36,86,93,2.04,PG,2023-04-01 18:37:28
200,qasigiannguit,68.8193,-51.1922,12.45,92,39,2.01,GL,2023-04-01 18:37:28
201,sochaczew,52.2294,20.2384,46.26,86,100,8.23,PL,2023-04-01 18:37:28
202,mancheral,18.8667,79.4333,82.74,54,87,8.05,IN,2023-04-01 18:37:28
203,saint george,37.1041,-113.5841,58.42,40,0,4.61,US,2023-04-01 18:37:28
204,coihaique,-45.5752,-72.0662,59.61,58,75,4.61,CL,2023-04-01 18:37:29
205,yuzhno-kurilsk,44.0306,145.8556,30.81,92,57,11.77,RU,2023-04-01 18:37:29
206,taltal,-25.4,-70.4833,73.56,74,27,5.61,CL,2023-04-01 18:37:29
207,davenport,41.5236,-90.5776,43.25,69,75,25.32,US,2023-04-01 18:35:12
208,saint-paul,-21.0096,55.2707,80.71,92,37,1.01,RE,2023-04-01 18:36:16
209,saryg-sep,51.5,95.6,0.82,93,100,1.72,RU,2023-04-01 18:37:29
210,ha tinh,18.3333,105.9,73.71,96,4,1.79,VN,2023-04-01 18:37:29
211,matai,-8.3,31.5167,69.24,95,23,2.75,TZ,2023-04-01 18:37:29
212,atar,20.5169,-13.0499,92.43,5,0,10.45,MR,2023-04-01 18:37:29
213,balkanabat,39.5108,54.3671,46.9,74,100,11.68,TM,2023-04-01 18:37:29
214,buzmeyin,38.0507,58.2056,53.33,71,100,13.8,TM,2023-04-01 18:37:29
215,necochea,-38.5473,-58.7368,68.04,36,100,12.26,AR,2023-04-01 18:37:29
216,tiksi,71.6872,128.8694,-1.95,83,85,22.82,RU,2023-04-01 18:37:29
217,muros,42.7762,-9.0603,58.14,69,1,11.59,ES,2023-04-01 18:37:29
218,bulawayo,-20.15,28.5833,68.38,60,96,9.26,ZW,2023-04-01 18:37:30
219,saint-philippe,-21.3585,55.7679,80.19,83,44,11.72,RE,2023-04-01 18:37:30
220,brae,60.3964,-1.353,42.28,73,43,9.13,GB,2023-04-01 18:37:30
221,chapais,49.7834,-74.8492,28.18,95,100,11.99,CA,2023-04-01 18:32:45
222,romitan,39.9343,64.3814,66.15,48,0,0.0,UZ,2023-04-01 18:37:30
223,khatanga,71.9667,102.5,19.44,93,100,22.12,RU,2023-04-01 18:37:30
224,yar-sale,66.8333,70.8333,34.0,99,100,18.66,RU,2023-04-01 18:37:30
225,esfarayen,37.0765,57.5101,38.86,74,89,9.08,IR,2023-04-01 18:37:30
226,gazli,40.1333,63.45,69.35,21,99,6.46,UZ,2023-04-01 18:37:30
227,takaka,-40.85,172.8,60.57,93,2,5.75,NZ,2023-04-01 18:34:53
228,evensk,61.95,159.2333,21.16,96,100,7.23,RU,2023-04-01 18:37:30
229,mar del plata,-38.0023,-57.5575,69.84,55,0,9.22,AR,2023-04-01 18:34:50
230,suicheng,33.8963,117.9331,49.19,66,0,7.56,CN,2023-04-01 18:37:30
231,tongliao,43.6125,122.2653,53.6,44,0,14.92,CN,2023-04-01 18:37:30
232,sangmelima,2.9333,11.9833,69.69,97,66,2.98,CM,2023-04-01 18:37:30
233,ostrovnoy,68.0531,39.5131,21.45,86,73,8.1,RU,2023-04-01 18:37:31
234,lagos,6.5833,3.75,84.52,77,88,5.53,NG,2023-04-01 18:35:04
235,erzin,36.9559,36.2,52.5,88,100,3.33,TR,2023-04-01 18:37:31
236,san miguel,13.4833,-88.1833,98.2,19,0,11.5,SV,2023-04-01 18:37:31
237,hauterive,46.0901,3.4459,49.35,76,100,8.34,FR,2023-04-01 18:37:31
238,rehoboth,-23.3167,17.0833,69.22,22,0,10.71,NA,2023-04-01 18:37:31
239,bowen,-20.0167,148.2333,80.08,78,99,8.28,AU,2023-04-01 18:37:31
240,bani,18.2833,-70.3333,92.64,54,0,18.14,DO,2023-04-01 18:37:31
241,cairo,30.0626,31.2497,69.42,40,0,5.75,EG,2023-04-01 18:37:21
242,korla,41.7597,86.1469,44.69,15,0,11.05,CN,2023-04-01 18:37:31
243,tricase,39.9304,18.3553,62.53,59,20,6.91,IT,2023-04-01 18:37:31
244,esperance,-33.8667,121.9,64.2,84,100,12.48,AU,2023-04-01 18:37:31
245,egvekinot,66.3167,-179.1667,11.44,94,100,3.96,RU,2023-04-01 18:37:31
246,fairbanks,64.8378,-147.7164,19.6,63,75,0.0,US,2023-04-01 18:33:03
247,mage,-22.6528,-43.0406,87.8,66,6,5.86,BR,2023-04-01 18:37:31
248,teguise,29.0605,-13.564,70.02,49,20,21.85,ES,2023-04-01 18:37:31
249,luban,51.1201,15.2877,49.14,95,100,3.13,PL,2023-04-01 18:37:31
250,namatanai,-3.6667,152.4333,77.65,80,100,3.31,PG,2023-04-01 18:37:31
251,trapani,37.8333,12.6667,59.09,77,40,2.3,IT,2023-04-01 18:37:32
252,hervey bay,-25.2986,152.8535,71.04,62,100,8.25,AU,2023-04-01 18:34:38
253,jardim,-21.4803,-56.1381,90.18,45,0,5.66,BR,2023-04-01 18:37:32
254,soe,-9.8607,124.284,64.83,92,100,3.44,ID,2023-04-01 18:37:32
255,ranong,9.9658,98.6348,77.85,85,36,3.2,TH,2023-04-01 18:37:32
256,kaeo,-35.1,173.7833,65.32,96,100,3.02,NZ,2023-04-01 18:37:32
257,lata,40.1629,-8.3327,60.08,98,100,3.91,PT,2023-04-01 18:37:32
258,venado tuerto,-33.7456,-61.9688,68.86,40,59,10.67,AR,2023-04-01 18:37:32
259,uyuni,-20.4597,-66.825,62.22,30,58,4.52,BO,2023-04-01 18:37:32
260,dali,25.7,100.1833,52.07,79,72,5.3,CN,2023-04-01 18:37:32
261,north platte,41.1239,-100.7654,59.07,29,0,20.0,US,2023-04-01 18:35:06
262,lhokseumawe,5.1801,97.1507,79.11,83,100,5.39,ID,2023-04-01 18:37:32
263,nantucket,41.2835,-70.0995,52.14,98,100,24.16,US,2023-04-01 18:37:33
264,vestmannaeyjar,63.4427,-20.2734,43.79,75,75,19.57,IS,2023-04-01 18:37:33
265,kerema,-7.9631,145.7785,77.2,86,86,3.24,PG,2023-04-01 18:37:33
266,saint-georges,12.0564,-61.7485,83.88,65,100,28.77,GD,2023-04-01 18:34:16
267,dalvik,65.9702,-18.5286,42.73,78,10,11.27,IS,2023-04-01 18:37:33
268,zmeinogorsk,51.1567,82.195,14.59,70,2,15.41,RU,2023-04-01 18:37:33
269,hobyo,5.3505,48.5268,83.82,75,96,13.62,SO,2023-04-01 18:37:33
270,terra santa,-2.1042,-56.4869,84.16,69,100,3.71,BR,2023-04-01 18:37:33
271,xining,36.6167,101.7667,42.04,59,100,6.24,CN,2023-04-01 18:37:33
272,chulym,55.0997,80.9572,13.19,90,97,3.38,RU,2023-04-01 18:37:33
273,qaqortoq,60.7167,-46.0333,28.36,77,99,8.05,GL,2023-04-01 18:37:33
274,lakewood,39.7047,-105.0814,62.92,19,0,5.99,US,2023-04-01 18:37:02
275,pauini,-7.7136,-66.9764,75.24,96,100,2.93,BR,2023-04-01 18:37:34
276,dhidhdhoo,6.8833,73.1,83.97,61,65,6.02,MV,2023-04-01 18:37:34
277,san patricio,28.017,-97.5169,87.17,52,98,11.18,US,2023-04-01 18:37:34
278,mission,26.2159,-98.3253,86.99,65,75,5.75,US,2023-04-01 18:35:18
279,jiblah,13.9216,44.1467,63.63,82,37,1.45,YE,2023-04-01 18:37:34
280,si satchanalai,17.5169,99.7598,80.91,46,6,4.09,TH,2023-04-01 18:37:34
281,khorixas,-20.3667,14.9667,72.91,30,61,9.84,NA,2023-04-01 18:37:34
282,florence,43.7667,11.25,57.67,72,40,6.91,IT,2023-04-01 18:37:34
283,guanajay,22.9264,-82.6875,85.55,48,0,4.5,CU,2023-04-01 18:37:34
284,hanzhong,33.0728,107.0303,64.71,65,100,1.59,CN,2023-04-01 18:37:34
285,eureka,40.8021,-124.1637,53.2,94,100,5.01,US,2023-04-01 18:33:52
286,sangar,63.9242,127.4739,-12.66,92,4,10.45,RU,2023-04-01 18:37:35
287,beyneu,45.3167,55.2,58.42,25,100,15.3,KZ,2023-04-01 18:37:35
288,margate,51.3813,1.3862,49.89,87,100,10.0,GB,2023-04-01 18:35:25
289,coolum beach,-26.5333,153.1,66.11,87,100,5.41,AU,2023-04-01 18:37:35
290,pacific grove,36.6177,-121.9166,61.81,58,0,10.0,US,2023-04-01 18:35:07
291,tilichiki,60.4667,166.1,10.29,98,84,4.27,RU,2023-04-01 18:37:35
292,catia la mar,10.6038,-67.0303,86.99,67,69,13.8,VE,2023-04-01 18:37:35
293,soyo,-6.1349,12.3689,80.24,79,100,7.99,AO,2023-04-01 18:37:35
294,camden,39.7835,-74.9663,71.26,75,40,3.0,US,2023-04-01 18:37:36
295,darnah,32.767,22.6367,65.82,47,13,4.97,LY,2023-04-01 18:37:36
296,sisimiut,66.9395,-53.6735,14.13,71,14,8.81,GL,2023-04-01 18:37:36
297,andros town,24.7,-77.7667,82.36,41,0,14.0,BS,2023-04-01 18:35:08
298,houston,29.7633,-95.3633,89.29,24,40,11.5,US,2023-04-01 18:34:23
299,berlevag,70.8578,29.0864,28.4,64,100,25.32,NO,2023-04-01 18:37:36
300,oberstdorf,47.4,10.2833,43.92,89,100,1.01,DE,2023-04-01 18:37:36
301,tarsus,36.9188,34.8784,57.07,64,84,4.25,TR,2023-04-01 18:37:36
302,swan hill,-35.3378,143.5544,49.05,70,0,7.29,AU,2023-04-01 18:37:36
303,lora del rio,37.659,-5.5275,78.6,59,9,9.24,ES,2023-04-01 18:37:37
304,darhan,49.4867,105.9228,16.25,79,100,19.24,MN,2023-04-01 18:37:37
305,mbala,-8.8402,31.3659,58.28,92,84,4.68,ZM,2023-04-01 18:37:37
306,liverpool,53.4106,-2.9779,49.78,82,75,8.05,GB,2023-04-01 18:37:37
307,taoudenni,22.6783,-3.9836,88.27,6,0,10.85,ML,2023-04-01 18:37:37
308,aranda de duero,41.6704,-3.6892,44.96,82,43,15.14,ES,2023-04-01 18:37:37
309,soller,39.7662,2.7152,62.22,68,0,5.75,ES,2023-04-01 18:37:37
310,sao filipe,14.8961,-24.4956,80.02,58,0,5.73,CV,2023-04-01 18:37:37
311,khasan,42.4308,130.6434,37.45,93,8,5.99,RU,2023-04-01 18:37:38
312,zhezkazgan,47.8043,67.7144,36.84,36,0,20.78,KZ,2023-04-01 18:37:38
313,verkhniye sergi,56.6469,59.5556,37.81,94,100,3.83,RU,2023-04-01 18:37:38
314,saint-augustin,51.226,-58.6502,34.68,62,68,11.32,CA,2023-04-01 18:37:38
315,biscarrosse,44.3945,-1.1672,51.75,71,75,18.41,FR,2023-04-01 18:37:38
316,makakilo city,21.3469,-158.0858,75.52,74,20,11.5,US,2023-04-01 18:37:38
317,asau,46.4333,26.4,45.52,90,100,1.41,RO,2023-04-01 18:37:38
318,sambava,-14.2667,50.1667,77.7,86,97,5.86,MG,2023-04-01 18:37:39
319,bam,29.106,58.357,72.88,18,0,18.86,IR,2023-04-01 18:37:39
320,port-gentil,-0.7193,8.7815,78.76,94,40,4.61,GA,2023-04-01 18:37:39
321,de aar,-30.6497,24.0123,70.97,23,5,5.01,ZA,2023-04-01 18:37:39
322,talnakh,69.4865,88.3972,17.19,94,100,19.75,RU,2023-04-01 18:37:39
323,upata,8.0086,-62.3989,87.57,42,92,9.95,VE,2023-04-01 18:37:39
324,sovetskiy,61.3614,63.5842,37.71,95,100,12.17,RU,2023-04-01 18:37:39
325,gaurnadi,22.9667,90.2333,70.48,87,100,1.39,BD,2023-04-01 18:37:39
326,baishishan,43.5833,127.5667,47.1,45,18,2.42,CN,2023-04-01 18:37:39
327,sechura,-5.5569,-80.8222,87.33,56,58,8.39,PE,2023-04-01 18:37:40
328,nikolayevka,53.1257,47.2041,43.29,70,100,5.19,RU,2023-04-01 18:37:40
329,menongue,-14.6585,17.691,66.24,86,100,2.01,AO,2023-04-01 18:37:40
330,bathsheba,13.2167,-59.5167,81.21,74,40,23.02,BB,2023-04-01 18:37:40
331,oktyabrskiy,54.4815,53.471,37.22,90,100,3.09,RU,2023-04-01 18:37:40
332,kodiak,57.79,-152.4072,35.11,48,0,23.02,US,2023-04-01 18:37:41
333,poum,-20.2333,164.0167,77.9,75,0,2.21,NC,2023-04-01 18:37:41
334,kjopsvik,68.097,16.3742,30.07,87,10,5.32,NO,2023-04-01 18:37:41
335,kumluca,36.3703,30.2869,58.73,86,60,4.38,TR,2023-04-01 18:37:41
336,karratha,-20.7377,116.8463,81.64,72,63,5.23,AU,2023-04-01 18:37:41
337,devrek,41.2192,31.9558,54.01,75,54,6.35,TR,2023-04-01 18:37:41
338,skjervoy,70.0311,20.9714,26.6,62,100,13.94,NO,2023-04-01 18:37:41
339,lompoc,34.6391,-120.4579,66.94,68,0,10.36,US,2023-04-01 18:32:52
340,arroio grande,-32.2375,-53.0869,74.84,39,0,12.08,BR,2023-04-01 18:37:41
341,leningradskiy,69.3833,178.4167,4.21,92,100,26.02,RU,2023-04-01 18:37:41
342,samarai,-10.6167,150.6667,81.41,78,100,7.56,PG,2023-04-01 18:37:31
343,peterongan,-7.5394,112.2792,73.22,92,100,2.62,ID,2023-04-01 18:37:41
344,saint-denis,48.9167,2.3333,51.39,88,75,13.8,FR,2023-04-01 18:37:41
345,greenfield,42.9614,-88.0126,35.1,76,100,20.71,US,2023-04-01 18:37:33
346,wajima,37.4,136.9,48.11,70,0,17.49,JP,2023-04-01 18:37:41
347,hammerfest,70.6634,23.6821,25.25,86,100,13.8,NO,2023-04-01 18:36:53
348,alekseyevsk,57.8406,108.3492,-5.44,100,36,1.12,RU,2023-04-01 18:37:41
349,kaitangata,-46.2817,169.8464,54.93,90,39,7.65,NZ,2023-04-01 18:37:41
350,saint anthony,45.0205,-93.218,35.65,70,0,8.05,US,2023-04-01 18:37:41
351,bria,6.5423,21.9863,81.93,35,100,1.59,CF,2023-04-01 18:37:41
352,boca de parita,8.0167,-80.45,90.82,49,100,16.93,PA,2023-04-01 18:37:42
353,wanning,18.8003,110.3967,76.69,89,75,7.7,CN,2023-04-01 18:37:42
354,chirilagua,13.2203,-88.1386,96.49,20,21,5.19,SV,2023-04-01 18:37:42
355,meadow lake,34.8014,-106.5436,62.2,18,25,5.91,US,2023-04-01 18:37:42
356,aktau,43.65,51.2,43.38,88,100,24.36,KZ,2023-04-01 18:37:42
357,capelinha,-17.6914,-42.5158,87.76,21,36,2.44,BR,2023-04-01 18:37:42
358,mareeba,-17.0,145.4333,72.45,90,27,1.19,AU,2023-04-01 18:37:42
359,zeya,53.75,127.2667,32.5,95,100,5.08,RU,2023-04-01 18:37:42
360,flinders,-34.5833,150.8552,60.19,87,93,4.0,AU,2023-04-01 18:37:42
361,moffat,55.3323,-3.4454,42.62,85,100,4.59,GB,2023-04-01 18:37:42
362,haines junction,60.7522,-137.5108,26.55,59,100,10.36,CA,2023-04-01 18:37:42
363,kurunegala,7.4863,80.3623,73.96,95,3,1.21,LK,2023-04-01 18:37:43
364,sale,34.0389,-6.8166,65.08,68,27,12.66,MA,2023-04-01 18:36:26
365,kendari,-3.945,122.4989,75.42,94,100,3.67,ID,2023-04-01 18:37:43
366,clyde river,70.4692,-68.5914,-7.37,84,20,12.66,CA,2023-04-01 18:37:43
367,touros,-5.1989,-35.4608,83.07,71,100,12.93,BR,2023-04-01 18:37:43
368,dunedin,-45.8742,170.5036,59.81,61,54,4.0,NZ,2023-04-01 18:37:43
369,svetlaya,46.5389,138.3297,33.62,79,10,2.93,RU,2023-04-01 18:37:43
370,port blair,11.6667,92.75,80.64,78,40,2.3,IN,2023-04-01 18:37:43
371,nayoro,44.3506,142.4578,30.67,94,49,4.36,JP,2023-04-01 18:37:43
372,santa luzia,-19.7697,-43.8514,88.7,42,40,13.8,BR,2023-04-01 18:33:06
373,bethel,41.3712,-73.414,70.03,83,75,12.66,US,2023-04-01 18:37:43
374,gunjur,13.2019,-16.7339,87.87,55,79,13.8,GM,2023-04-01 18:37:43
375,bilma,18.6853,12.9164,77.86,6,26,6.69,NE,2023-04-01 18:37:43
376,trincomalee,8.5711,81.2335,79.93,83,0,7.14,LK,2023-04-01 18:37:43
377,weatherford,32.7593,-97.7972,71.22,32,17,3.0,US,2023-04-01 18:37:35
378,ornskoldsvik,63.2909,18.7153,32.95,55,15,6.91,SE,2023-04-01 18:33:40
379,aripuana,-9.1667,-60.6333,81.88,83,100,1.92,BR,2023-04-01 18:37:44
380,georgetown,5.4112,100.3354,84.13,81,20,0.0,MY,2023-04-01 18:33:57
381,new boston,42.9762,-71.694,55.6,95,100,1.99,US,2023-04-01 18:37:44
382,maldonado,-34.6667,-54.9167,69.19,47,8,10.92,UY,2023-04-01 18:37:44
383,laizhou,37.1717,119.9214,49.59,28,0,6.13,CN,2023-04-01 18:37:44
384,milkovo,54.7167,158.6167,23.77,89,5,2.01,RU,2023-04-01 18:33:11
385,yarada,17.65,83.2667,79.12,94,40,2.3,IN,2023-04-01 18:37:44
386,perisani,45.3833,24.4,45.95,96,100,2.57,RO,2023-04-01 18:37:44
387,septemes-les-vallons,43.4,5.3667,55.42,56,0,28.77,FR,2023-04-01 18:37:44
388,sao joao da barra,-21.6403,-41.0511,89.69,80,65,10.49,BR,2023-04-01 18:37:44
389,faya,18.3851,42.4509,62.71,75,94,6.98,SA,2023-04-01 18:36:07
390,kiunga,-6.1219,141.2906,72.3,100,88,1.45,PG,2023-04-01 18:37:44
391,okato,-39.2,173.8833,64.18,69,19,5.99,NZ,2023-04-01 18:37:44
392,kavieng,-2.5744,150.7967,80.33,80,100,3.09,PG,2023-04-01 18:37:45
393,ndele,8.4109,20.6473,87.4,15,93,4.14,CF,2023-04-01 18:37:45
394,san quintin,30.4833,-115.95,61.27,66,0,16.87,MX,2023-04-01 18:37:45
395,kisangani,0.5167,25.2,72.34,83,100,0.18,CD,2023-04-01 18:37:45
396,alvaraes,-3.2208,-64.8042,78.67,96,100,3.11,BR,2023-04-01 18:37:45
397,yinchuan,38.4681,106.2731,52.66,38,100,20.0,CN,2023-04-01 18:37:45
398,rutana,-3.8667,30.1,56.37,93,31,1.21,BI,2023-04-01 18:37:45
399,yulara,-25.2406,130.9889,59.18,80,18,6.04,AU,2023-04-01 18:37:45
400,road town,18.4167,-64.6167,84.29,51,20,12.66,VG,2023-04-01 18:37:13
401,la macarena,2.1837,-73.7849,83.55,62,70,2.44,CO,2023-04-01 18:37:45
402,angra dos reis,-23.0067,-44.3181,81.03,73,0,5.86,BR,2023-04-01 18:37:45
403,lapithos,35.3375,33.1792,59.29,79,22,13.38,CY,2023-04-01 18:37:46
404,kingaroy,-26.5333,151.8333,55.56,60,89,3.09,AU,2023-04-01 18:37:46
405,yenangyaung,20.4667,94.8833,79.57,65,17,9.66,MM,2023-04-01 18:37:46
406,shahr-e kord,32.3256,50.8644,37.17,32,0,6.91,IR,2023-04-01 18:37:46
407,tupik,54.4253,119.9327,15.51,82,100,8.23,RU,2023-04-01 18:37:46
408,grootfontein,-19.5667,18.1167,71.17,56,73,2.3,NA,2023-04-01 18:37:46
409,varzob,38.7737,68.8178,53.33,62,56,7.34,TJ,2023-04-01 18:37:46
410,calamar,10.2511,-74.9146,100.85,27,100,3.06,CO,2023-04-01 18:37:46
411,kanigoro,-8.13,112.219,72.25,91,100,2.8,ID,2023-04-01 18:37:46
412,sitio novo do tocantins,-5.5183,-47.4611,87.73,70,40,0.0,BR,2023-04-01 18:37:46
413,cockburn town,21.4612,-71.1419,80.56,61,40,11.5,TC,2023-04-01 18:37:12
414,waipawa,-41.4122,175.5153,59.38,82,100,14.83,NZ,2023-04-01 18:37:47
415,mitchell,43.7094,-98.0298,35.11,63,0,5.99,US,2023-04-01 18:35:55
416,stepnogorsk,52.3544,71.8869,29.34,49,0,11.27,KZ,2023-04-01 18:37:47
417,tsumeb,-19.2333,17.7167,75.81,41,87,4.41,NA,2023-04-01 18:37:47
418,oranjestad,12.524,-70.027,81.91,78,20,26.46,AW,2023-04-01 18:37:47
419,bundaberg,-24.85,152.35,69.22,89,100,3.0,AU,2023-04-01 18:37:47
420,cherskiy,68.75,161.3,-28.55,100,99,1.79,RU,2023-04-01 18:37:47
421,lukovetskiy,64.2956,41.9211,11.77,97,98,2.35,RU,2023-04-01 18:37:47
422,lavrentiya,65.5833,-171.0,21.99,96,100,5.93,RU,2023-04-01 18:37:47
423,wattegama,6.7989,81.4808,73.44,94,0,2.71,LK,2023-04-01 18:37:47
424,sao felix do xingu,-6.6447,-51.995,82.81,72,91,1.95,BR,2023-04-01 18:37:47
425,azanka,58.0401,64.7893,34.59,75,89,13.58,RU,2023-04-01 18:37:47
426,hay river,60.8156,-115.7999,17.56,73,100,5.75,CA,2023-04-01 18:37:47
427,nenjiang,49.1833,125.2167,52.81,37,100,6.87,CN,2023-04-01 18:37:47
428,lagoa,39.05,-27.9833,60.69,88,100,20.92,PT,2023-04-01 18:37:48
429,mitsamiouli,-11.3847,43.2844,82.36,77,59,8.99,KM,2023-04-01 18:37:48
430,broken hill,-31.95,141.4333,51.42,53,0,9.57,AU,2023-04-01 18:37:48
431,hamilton,39.1834,-84.5333,49.73,60,75,29.93,US,2023-04-01 18:33:23
432,luderitz,-26.6481,15.1594,61.57,91,6,4.5,NA,2023-04-01 18:37:48
433,nouadhibou,20.931,-17.0347,89.58,25,0,10.36,MR,2023-04-01 18:37:48
434,ribeira brava,32.65,-17.0667,73.71,76,2,11.12,PT,2023-04-01 18:37:48
435,bagdarin,54.4333,113.6,11.3,52,100,5.86,RU,2023-04-01 18:37:48
436,pahalgam,34.0333,75.3333,35.82,94,98,1.59,IN,2023-04-01 18:37:49
437,orlik,52.5178,99.825,-9.42,98,94,1.05,RU,2023-04-01 18:37:49
438,abu zabad,12.35,29.25,78.57,10,100,11.27,SD,2023-04-01 18:37:49
439,borzya,50.3833,116.5167,28.8,56,98,11.97,RU,2023-04-01 18:37:49
440,toba tek singh,30.9743,72.4827,65.3,77,1,7.63,PK,2023-04-01 18:37:49
441,roma,43.2128,-75.4557,71.38,29,0,5.99,US,2023-04-01 18:35:57
442,curup,-3.4667,102.5333,65.93,96,99,1.59,ID,2023-04-01 18:37:49
443,likasi,-10.9814,26.7333,62.8,98,100,2.8,CD,2023-04-01 18:37:49
444,antalaha,-14.9003,50.2788,76.46,88,63,5.57,MG,2023-04-01 18:37:50
445,kieta,-6.2167,155.6333,77.52,84,100,3.38,PG,2023-04-01 18:37:50
446,lamar,33.6668,-95.5836,69.89,33,0,6.91,US,2023-04-01 18:37:50
447,kharp,66.8014,65.8081,32.72,99,100,8.14,RU,2023-04-01 18:33:10
448,rakiv lis,51.6217,24.9243,47.37,87,77,5.97,UA,2023-04-01 18:37:50
449,codrington,-38.2667,141.9667,54.68,65,87,3.76,AU,2023-04-01 18:37:50
450,sakaiminato,35.55,133.2333,53.58,82,20,17.27,JP,2023-04-01 18:37:50
451,mingaora,34.7758,72.3625,55.0,87,80,2.1,PK,2023-04-01 18:37:50
452,banda aceh,5.5577,95.3222,79.75,80,100,4.32,ID,2023-04-01 18:37:50
453,svetlogorsk,52.6333,29.7333,46.87,93,100,10.13,BY,2023-04-01 18:37:50
454,zhigansk,66.7697,123.3711,-17.52,100,88,7.43,RU,2023-04-01 18:37:50
455,wajir,1.7471,40.0573,89.56,55,20,2.3,KE,2023-04-01 18:37:50
456,tecoanapa,16.5167,-98.75,86.14,53,18,11.25,MX,2023-04-01 18:37:50
457,abu samrah,35.3029,37.1841,50.52,79,12,8.39,SY,2023-04-01 18:37:50
458,tutoia,-2.7619,-42.2744,77.32,90,100,7.27,BR,2023-04-01 18:37:50
459,solnechnyy,50.7214,136.6319,28.98,85,62,4.27,RU,2023-04-01 18:37:50
460,klaksvik,62.2266,-6.589,45.52,87,100,20.74,FO,2023-04-01 18:37:51
461,troutdale,45.5393,-122.3873,46.02,87,100,16.11,US,2023-04-01 18:36:08
462,brumunddal,60.881,10.9395,22.44,94,16,1.9,NO,2023-04-01 18:37:51
463,amuntai,-2.4177,115.2494,73.54,97,100,1.54,ID,2023-04-01 18:37:51
464,ocean city,39.2776,-74.5746,57.45,91,100,14.52,US,2023-04-01 18:35:11
465,zemio,5.0314,25.1361,80.71,37,100,4.43,CF,2023-04-01 18:37:51
466,porto novo,6.4965,2.6036,84.02,77,100,7.92,BJ,2023-04-01 18:33:30
467,araouane,18.9048,-3.5265,85.14,5,0,10.85,ML,2023-04-01 18:37:51
468,kamien pomorski,53.9685,14.7726,37.76,76,97,21.99,PL,2023-04-01 18:37:51
469,gizo,-8.103,156.8419,80.98,74,100,1.1,SB,2023-04-01 18:37:51
470,kautokeino,69.0125,23.0412,7.09,94,56,5.41,NO,2023-04-01 18:37:51
471,bereda,43.2686,-7.5406,54.41,84,9,3.27,ES,2023-04-01 18:37:51
472,rio gallegos,-51.6226,-69.2181,55.45,35,40,24.16,AR,2023-04-01 18:37:51
473,mountain home,43.133,-115.6912,46.42,67,100,8.01,US,2023-04-01 18:35:08
474,guarapari,-20.6667,-40.4975,78.78,77,95,5.23,BR,2023-04-01 18:37:51
475,libenge,3.65,18.6333,79.0,59,62,4.41,CD,2023-04-01 18:37:51
476,kasempa,-13.4584,25.8338,64.4,97,100,5.19,ZM,2023-04-01 18:37:52
477,el jicaro,14.9167,-89.9,92.73,26,0,4.83,GT,2023-04-01 18:37:52
478,shimoda,34.6667,138.95,56.43,84,90,14.81,JP,2023-04-01 18:37:52
479,bac lieu,9.285,105.7244,79.12,76,100,5.32,VN,2023-04-01 18:37:52
480,totness,5.8833,-56.3167,82.08,68,88,13.8,SR,2023-04-01 18:37:52
481,mount gambier,-37.8333,140.7667,47.01,87,18,0.94,AU,2023-04-01 18:37:52
482,honiara,-9.4333,159.95,77.4,86,88,2.59,SB,2023-04-01 18:37:52
483,conakry,9.538,-13.6773,84.27,79,0,13.8,GN,2023-04-01 18:37:52
484,hanumangarh,29.5833,74.3167,68.11,67,0,7.67,IN,2023-04-01 18:37:52
485,beringovskiy,63.05,179.3167,17.04,64,87,26.96,RU,2023-04-01 18:37:52
486,santiago del estero,-27.7951,-64.2615,66.45,48,100,5.88,AR,2023-04-01 18:35:10
487,winnetka,42.1081,-87.7359,42.19,73,100,23.02,US,2023-04-01 18:37:53
488,kristianstad,56.0313,14.1524,39.34,50,0,10.36,SE,2023-04-01 18:37:53
489,zyryanka,65.75,150.85,-2.96,98,100,14.03,RU,2023-04-01 18:37:53
490,mehamn,71.0357,27.8492,28.35,74,100,25.32,NO,2023-04-01 18:37:53
491,bukama,-9.2,25.85,68.2,97,69,1.07,CD,2023-04-01 18:37:53
492,baykit,61.67,96.37,-6.99,100,67,0.96,RU,2023-04-01 18:36:38
493,brigham city,41.5102,-112.0155,51.55,64,100,10.0,US,2023-04-01 18:37:12
494,camaguey,21.3808,-77.9169,91.74,35,40,11.5,CU,2023-04-01 18:37:53
495,tezu,27.9167,96.1667,64.17,98,100,2.24,IN,2023-04-01 18:37:53
496,ayan,56.45,138.1667,23.63,94,96,3.56,RU,2023-04-01 18:37:53
497,college,64.8569,-147.8028,20.07,61,75,0.0,US,2023-04-01 18:37:53
498,pilibanga,29.4916,74.079,70.23,60,0,8.14,IN,2023-04-01 18:37:53
499,velingara,13.15,-14.1167,96.89,12,11,3.8,SN,2023-04-01 18:37:53
500,mizan teferi,6.9833,35.5833,65.5,70,44,2.35,ET,2023-04-01 18:37:53
501,bambanglipuro,-7.95,110.2833,76.15,84,100,3.0,ID,2023-04-01 18:37:53
502,chernyshevskiy,63.0128,112.4714,-18.04,100,98,4.54,RU,2023-04-01 18:37:53
503,fukue,32.6881,128.8419,59.56,82,54,21.27,JP,2023-04-01 18:37:53
504,pokhara,28.2333,83.9833,58.87,66,94,2.89,NP,2023-04-01 18:37:53
505,virginia beach,36.8529,-75.978,74.01,72,100,21.85,US,2023-04-01 18:36:28
506,rawson,-43.3002,-65.1023,76.8,29,93,21.18,AR,2023-04-01 18:37:54
507,phalodi,27.1333,72.3667,81.3,29,99,9.66,IN,2023-04-01 18:37:54
508,forest grove,45.5198,-123.1107,46.27,79,100,6.91,US,2023-04-01 18:37:54
509,ixtapa,20.7,-105.2,76.23,61,75,13.8,MX,2023-04-01 18:37:54
510,eyl,7.9803,49.8164,81.54,74,68,10.42,SO,2023-04-01 18:37:54
511,acajutla,13.5928,-89.8275,87.35,50,78,10.38,SV,2023-04-01 18:37:54
512,mandalgovi,45.7625,106.2708,13.64,83,100,24.05,MN,2023-04-01 18:37:54
513,mosina,52.2454,16.8471,45.95,86,100,11.5,PL,2023-04-01 18:37:54
514,aba,5.1066,7.3667,83.82,79,99,6.73,NG,2023-04-01 18:37:54
515,arman,59.7,150.1667,26.02,98,100,2.46,RU,2023-04-01 18:37:54
516,mandan,46.8267,-100.8896,37.81,72,0,19.57,US,2023-04-01 18:37:54
517,kalmunai,7.4167,81.8167,78.53,84,1,6.53,LK,2023-04-01 18:37:54
518,pueblo viejo,18.4,-70.7676,87.64,52,0,15.14,DO,2023-04-01 18:37:54
519,marrakesh,31.6315,-8.0083,86.07,21,0,11.5,MA,2023-04-01 18:37:54
520,ilo,-17.6394,-71.3375,77.86,73,0,10.36,PE,2023-04-01 18:37:54
521,port hedland,-20.3167,118.5667,80.65,83,14,8.05,AU,2023-04-01 18:37:54
522,sao miguel do araguaia,-13.275,-50.1628,87.03,57,5,2.01,BR,2023-04-01 18:37:54
523,shimonoseki,33.95,130.95,53.6,87,75,5.75,JP,2023-04-01 18:37:54
524,novikovo,51.1537,37.8879,38.93,97,100,8.01,RU,2023-04-01 18:37:54
525,tanhacu,-14.0214,-41.2481,94.55,22,6,6.55,BR,2023-04-01 18:37:55
526,luau,-10.7073,22.2247,65.01,96,92,3.56,AO,2023-04-01 18:37:55
527,alexandria,31.2156,29.9553,61.34,62,0,2.26,EG,2023-04-01 18:37:55
528,westport,41.1415,-73.3579,67.15,93,100,12.66,US,2023-04-01 18:33:37
529,paita,-5.0892,-81.1144,84.22,65,70,10.69,PE,2023-04-01 18:37:55
530,vaitape,-16.5167,-151.75,82.17,72,0,6.24,PF,2023-04-01 18:37:55
531,semnan,35.5729,53.3971,48.61,28,0,5.26,IR,2023-04-01 18:37:55
532,whitehorse,60.7161,-135.0538,36.1,85,100,4.61,CA,2023-04-01 18:33:16
533,ugoofaaru,5.6667,73.0,82.94,69,8,7.92,MV,2023-04-01 18:37:55
534,marsh harbour,26.5412,-77.0636,76.48,76,100,10.11,BS,2023-04-01 18:35:49
535,bubaque,11.2833,-15.8333,77.61,74,0,17.83,GW,2023-04-01 18:37:55
536,inhambane,-23.865,35.3833,75.18,88,20,5.97,MZ,2023-04-01 18:37:55
537,bemidji,47.4736,-94.8803,35.89,21,0,0.0,US,2023-04-01 18:37:55
538,marica,-22.9194,-42.8186,87.75,80,0,8.72,BR,2023-04-01 18:37:55
539,dieppe,49.75,1.1667,50.2,90,39,3.0,FR,2023-04-01 18:37:55
540,huanren,41.2647,125.3667,49.1,41,82,1.32,CN,2023-04-01 18:37:55
541,valle de banderas,20.8,-105.2333,76.6,61,75,13.8,MX,2023-04-01 18:37:55
542,nueva gerona,21.8833,-82.8,84.29,59,9,12.95,CU,2023-04-01 18:37:55
543,chilliwack,49.1747,-121.9443,47.19,70,100,11.01,CA,2023-04-01 18:37:48
544,monteagudo,-19.8167,-63.9833,79.5,53,90,7.14,BO,2023-04-01 18:37:55
545,aksarka,66.5606,67.7975,33.94,98,100,15.77,RU,2023-04-01 18:37:56
546,calvinia,-31.4707,19.776,73.81,22,0,4.92,ZA,2023-04-01 18:37:56
547,krasnoselkup,65.7,82.4667,31.39,96,100,25.32,RU,2023-04-01 18:37:56
548,marsaxlokk,35.8419,14.5431,63.09,82,0,6.91,MT,2023-04-01 18:37:56
549,otane,-39.8833,176.6333,64.0,90,100,1.92,NZ,2023-04-01 18:37:56
550,santa lucia,27.9117,-15.5407,68.76,50,20,24.16,ES,2023-04-01 18:37:56
551,alekseyevka,50.6309,38.6903,40.8,93,100,8.14,RU,2023-04-01 18:37:56
552,acoua,-12.7239,45.0582,84.11,74,100,11.81,YT,2023-04-01 18:37:56
553,khudumelapye,-23.8833,24.75,75.11,41,38,8.43,BW,2023-04-01 18:37:57
554,vorkuta,67.5,64.0,32.94,97,100,15.37,RU,2023-04-01 18:37:57
555,winslow,35.0242,-110.6974,51.98,28,0,4.61,US,2023-04-01 18:37:50
556,halifax,44.6453,-63.5724,37.45,96,100,16.11,CA,2023-04-01 18:37:57
557,ambovombe,-25.1667,46.0833,73.94,88,100,12.5,MG,2023-04-01 18:37:58
558,bodden town,19.2833,-81.25,87.8,58,20,11.5,KY,2023-04-01 18:37:58
559,grindavik,63.8424,-22.4338,41.47,87,75,33.38,IS,2023-04-01 18:37:58
560,douglas,41.3,-96.167,49.86,37,0,8.05,US,2023-04-01 18:37:58
561,xiamen,24.4798,118.0819,64.45,88,75,2.24,CN,2023-04-01 18:37:58
562,kawalu,-7.3817,108.2082,72.25,95,100,1.66,ID,2023-04-01 18:37:58
563,anadyr,64.75,177.4833,5.5,84,1,22.37,RU,2023-04-01 18:37:58
564,bridgetown,13.1,-59.6167,81.09,74,40,23.02,BB,2023-04-01 18:37:59
565,kushima,31.4583,131.2333,59.83,88,100,10.13,JP,2023-04-01 18:37:59
566,sakakah,29.9697,40.2064,60.37,29,0,7.09,SA,2023-04-01 18:37:59
567,shediac,46.2198,-64.5411,37.36,93,100,9.22,CA,2023-04-01 18:37:59
568,kattivakkam,13.2167,80.3167,86.09,88,100,8.99,IN,2023-04-01 18:37:59
569,hofn,64.2539,-15.2082,40.95,78,1,8.03,IS,2023-04-01 18:37:59
570,muroto,33.2833,134.15,61.65,56,100,17.18,JP,2023-04-01 18:34:12
571,belmonte,-15.8631,-38.8828,82.53,67,0,10.89,BR,2023-04-01 18:37:59
572,sistranda,63.7256,8.834,37.36,69,45,18.19,NO,2023-04-01 18:37:59
573,leua,48.2156,18.6071,47.82,80,95,5.44,SK,2023-04-01 18:37:59
574,xixiang,35.1628,112.865,60.6,72,76,11.41,CN,2023-04-01 18:37:59
575,mende,44.6667,3.5,32.4,96,100,12.33,FR,2023-04-01 18:37:59
576,vanimo,-2.6741,141.3028,76.62,89,44,4.83,PG,2023-04-01 18:37:59
577,viedma,-40.8135,-62.9967,74.41,20,87,21.39,AR,2023-04-01 18:34:37
578,bay roberts,47.5999,-53.2648,43.66,61,22,11.03,CA,2023-04-01 18:38:00
579,araceli,10.5529,119.9913,79.63,78,99,4.99,PH,2023-04-01 18:38:00
